PR_Number,Timestamp,Model,Files_Modified,Similar_PR,Summary,File_Suggestions,Conflict_Predictions,Breakage_Risks,Test_Coverage
246149,2025-04-16 23:50:52,llama,"src/vs/workbench/contrib/chat/browser/actions/reusablePromptActions/chatAttachPromptAction.ts, src/vs/workbench/contrib/chat/browser/actions/reusablePromptActions/chatRunPromptAction.ts, src/vs/workbench/contrib/chat/browser/actions/reusablePromptActions/dialogs/askToSelectPrompt/askToSelectPrompt.ts, src/vs/workbench/contrib/chat/browser/actions/reusablePromptActions/dialogs/askToSelectPrompt/utils/attachPrompt.ts, src/vs/workbench/contrib/chat/browser/actions/reusablePromptActions/dialogs/askToSelectPrompt/utils/detachPrompt.ts, src/vs/workbench/contrib/chat/browser/chatAttachmentModel/chatPromptAttachmentsCollection.ts",246739,The pull request appears to be refactoring the chat attach prompt action to use a new `attachPrompt` utility instead of `attachPrompts`. This change is made in two files: `chatAttachPromptAction.ts` and `chatRunPromptAction.ts`.,"* In `chatAttachPromptAction.ts`, the `attachPrompt` function is imported but not used. This might be a code smell. (Line 2) * The `IAttachPromptOptions` interface is not explicitly defined in the code. It might be a good idea to define it explicitly to avoid confusion. (Line 3) * The `attachPrompt` function is not explicitly typed. It might be a good idea to add type annotations to avoid confusion. (Line 5) Overall, the changes seem to be well-contained, but it's essential to thoroughly test the affected files to ensure that the functionality is preserved.","None of the files changed in this PR conflict with the files changed in the similar PRs. However, there is a possibility of conflict with PR 246739, which also changed `askToSelectPrompt.js`.",The change in `chatRunPromptAction.ts` might break existing functionality if the `runAttachPromptAction` function is not properly updated to handle the new `attachPrompt` utility.,The following test files should be updated to cover the changes: * `chatAttachPromptAction.test.ts` * `chatRunPromptAction.test.ts` * `askToSelectPrompt.test.ts`
246149,2025-04-16 23:52:27,llama,"src/vs/workbench/contrib/chat/browser/actions/reusablePromptActions/chatAttachPromptAction.ts, src/vs/workbench/contrib/chat/browser/actions/reusablePromptActions/chatRunPromptAction.ts, src/vs/workbench/contrib/chat/browser/actions/reusablePromptActions/dialogs/askToSelectPrompt/askToSelectPrompt.ts, src/vs/workbench/contrib/chat/browser/actions/reusablePromptActions/dialogs/askToSelectPrompt/utils/attachPrompt.ts, src/vs/workbench/contrib/chat/browser/actions/reusablePromptActions/dialogs/askToSelectPrompt/utils/detachPrompt.ts, src/vs/workbench/contrib/chat/browser/chatAttachmentModel/chatPromptAttachmentsCollection.ts",246739,The current pull request modifies two files: `chatAttachPromptAction.ts` and `chatRunPromptAction.ts`. The changes involve:,Potential code smells or duplication: * The,"Files changed in multiple PRs that could cause conflicts: * `askToSelectPrompt.js` (changed in PR 246739 and current PR): These changes might conflict, especially if the `attachPrompt` function signature has been modified in both PRs. * `dialogs/askToSelectPrompt/askToSelectPrompt.js` (changed in PR 246739 and current PR): Similar to the previous file, these changes might cause conflicts if the `attachPrompt` function or its dependencies have been modified in both PRs.",Changes that might break existing functionality: * The renamed `attachPrompt` function in `chatAttachPromptAction.ts` might break existing functionality if not all dependent files have been updated accordingly. * The removed `runAttachPromptAction` function call in `chatRunPromptAction.ts` might cause issues if this function was used elsewhere in the codebase.,Recommend test files that should be updated: * `chatAttachPromptAction.test.ts`: This test file should be updated to accommodate the changed `attachPrompt` function signature and its usage. * `chatRunPromptAction.test.ts`: This test file should be reviewed to ensure it still covers the necessary scenarios after the `runAttachPromptAction` function call removal.
246149,2025-04-17 00:07:30,llama,"src/vs/workbench/contrib/chat/browser/actions/reusablePromptActions/chatAttachPromptAction.ts, src/vs/workbench/contrib/chat/browser/actions/reusablePromptActions/chatRunPromptAction.ts, src/vs/workbench/contrib/chat/browser/actions/reusablePromptActions/dialogs/askToSelectPrompt/askToSelectPrompt.ts, src/vs/workbench/contrib/chat/browser/actions/reusablePromptActions/dialogs/askToSelectPrompt/utils/attachPrompt.ts, src/vs/workbench/contrib/chat/browser/actions/reusablePromptActions/dialogs/askToSelectPrompt/utils/detachPrompt.ts, src/vs/workbench/contrib/chat/browser/chatAttachmentModel/chatPromptAttachmentsCollection.ts",246739,"The current PR refactors the `chatAttachPromptAction` and `chatRunPromptAction` to use a new `attachPrompt` function from `utils/attachPrompt.js`. The main differences are the import statements and the function calls, where `attachPrompts` is replaced with `attachPrompt`.","Potential code smells or duplication: * The `chatAttachPromptAction.ts` and `chatRunPromptAction.ts` files have similar code. Consider extracting a common function or class to reduce duplication. * The `attachPrompt` function is used in multiple places. Consider making it a standalone utility function to avoid duplication. Overall, the changes in this PR seem to be a refactoring effort to simplify and unify the prompt attachment functionality. However, careful attention should be paid to potential breakages and conflicts with other PRs.","Files changed in multiple PRs that could cause conflicts: * `src/vs/workbench/contrib/chat/browser/actions/reusablePromptActions/chatAttachInstructionsAction.ts`: This file was changed in PR 246739, and the current PR also changes a similar file `chatAttachPromptAction.ts`. There might be conflicts between these two PRs.",Changes that might break existing functionality: * The renaming of `attachPrompts` to `attachPrompt` might break existing code that uses the old function name. * The change in function signature from `attachPrompts([{ value: resource }])` to `attachPrompt(resource)` might require updates to calling code.,Test files that should be updated: * `chatAttachPromptAction.test.ts`: This file should be updated to test the new `attachPrompt` function. * `chatRunPromptAction.test.ts`: This file should be updated to test the new `attachPrompt` function.
246149,2025-04-17 00:08:48,llama,"src/vs/workbench/contrib/chat/browser/actions/reusablePromptActions/chatAttachPromptAction.ts, src/vs/workbench/contrib/chat/browser/actions/reusablePromptActions/chatRunPromptAction.ts, src/vs/workbench/contrib/chat/browser/actions/reusablePromptActions/dialogs/askToSelectPrompt/askToSelectPrompt.ts, src/vs/workbench/contrib/chat/browser/actions/reusablePromptActions/dialogs/askToSelectPrompt/utils/attachPrompt.ts, src/vs/workbench/contrib/chat/browser/actions/reusablePromptActions/dialogs/askToSelectPrompt/utils/detachPrompt.ts, src/vs/workbench/contrib/chat/browser/chatAttachmentModel/chatPromptAttachmentsCollection.ts",246739,* Imported `attachPrompt` from `utils/attachPrompt.js` instead of `attachPrompts` from `utils/attachPrompts.js`. * Updated the `attachPrompts` function call to `attachPrompt`.,"Based on these changes, the following files might be affected: * `src/vs/workbench/contrib/chat/browser/actions/reusablePromptActions/dialogs/askToSelectPrompt/utils/attachPrompt.ts`: This file is directly related to the changed `attachPrompt` function. * `src/vs/workbench/contrib/chat/browser/actions/reusablePromptActions/dialogs/askToSelectPrompt/askToSelectPrompt.ts`: This file might need updates due to the changed `attachPrompt` function. * `src/vs/workbench/contrib/chat/browser/chatAttachmentModel/chatPromptAttachmentsCollection.ts`: This file could be affected by the changes in `chatAttachPromptAction.ts`.","After analyzing the similar PRs, I found potential conflicts in the following files: * `src/vs/workbench/contrib/chat/browser/actions/reusablePromptActions/dialogs/askToSelectPrompt/askToSelectPrompt.js` (changed in PR 246739 and PR 246721) * `src/vs/workbench/contrib/chat/browser/actions/reusablePromptActions/dialogs/askToSelectPrompt/utils/attachPrompt.js` (changed in PR 246739 and current PR) These files have been modified in multiple PRs, which may lead to conflicts during the merge process.","The changes in `chatAttachPromptAction.ts` and `chatRunPromptAction.ts` might break existing functionality if the `attachPrompt` function has not been properly updated to handle the new input format. Additionally, if the `runAttachPromptAction` function is not correctly implemented, it might cause errors in the chat prompt attachments collection.","To ensure the changes do not break existing functionality, it is recommended to update the following test files: * `"
246149,2025-04-17 00:20:48,llama,"src/vs/workbench/contrib/chat/browser/actions/reusablePromptActions/chatAttachPromptAction.ts, src/vs/workbench/contrib/chat/browser/actions/reusablePromptActions/chatRunPromptAction.ts, src/vs/workbench/contrib/chat/browser/actions/reusablePromptActions/dialogs/askToSelectPrompt/askToSelectPrompt.ts, src/vs/workbench/contrib/chat/browser/actions/reusablePromptActions/dialogs/askToSelectPrompt/utils/attachPrompt.ts, src/vs/workbench/contrib/chat/browser/actions/reusablePromptActions/dialogs/askToSelectPrompt/utils/detachPrompt.ts, src/vs/workbench/contrib/chat/browser/chatAttachmentModel/chatPromptAttachmentsCollection.ts",246739,"The PR modifies the `chatAttachPromptAction.ts` and `chatRunPromptAction.ts` files, updating the import statements and function calls to use `attachPrompt` instead of `attachPrompts`.","Overall, the changes seem to be focused on updating the prompt attachment functionality. However, it's essential to thoroughly test these changes to ensure they don't break existing functionality",Files changed in multiple PRs that could cause conflicts:,Changes that might break existing functionality:,Test files that should be updated:
246149,2025-04-17 00:22:03,llama,"src/vs/workbench/contrib/chat/browser/actions/reusablePromptActions/chatAttachPromptAction.ts, src/vs/workbench/contrib/chat/browser/actions/reusablePromptActions/chatRunPromptAction.ts, src/vs/workbench/contrib/chat/browser/actions/reusablePromptActions/dialogs/askToSelectPrompt/askToSelectPrompt.ts, src/vs/workbench/contrib/chat/browser/actions/reusablePromptActions/dialogs/askToSelectPrompt/utils/attachPrompt.ts, src/vs/workbench/contrib/chat/browser/actions/reusablePromptActions/dialogs/askToSelectPrompt/utils/detachPrompt.ts, src/vs/workbench/contrib/chat/browser/chatAttachmentModel/chatPromptAttachmentsCollection.ts",246739,The current PR makes changes to the following files: * `chatAttachPromptAction.ts`: Changes the import statement to use `attachPrompt` instead of `attachPrompts` and updates the function call accordingly. * `chatRunPromptAction.ts`: Updates the function call to `runAttachPromptAction` with new options.,"Potential code smells or duplication: * The `attachPrompt` function in `utils/attachPrompt.ts` might be similar to the `attachPrompts` function in `utils/attachPrompts.ts`. Consider merging or refactoring these functions to reduce duplication. * The `chatAttachPromptAction.ts` file could benefit from additional error handling and logging to ensure robustness. Other suggestions: * Consider adding type annotations for the `resource` parameter in `chatAttachPromptAction.ts`. * Review the naming conventions in the codebase to ensure consistency. For example, `IAttachPromptOptions` uses camelCase, while `IChatAttachInstructionsActionOptions` uses PascalCase.",The following files have been changed in multiple PRs and could cause conflicts: * `askToSelectPrompt.js` (changed in PR 246739 and the current PR) * `dialogs/askToSelectPrompt/promptFilePickers.js` (changed in PR 246739),"The changes in `chatAttachPromptAction.ts` and `chatRunPromptAction.ts` might break existing functionality if not properly tested. Specifically, the updated `attachPrompt` function call in `chatAttachPromptAction.ts` could have unintended consequences if not fully understood.",The following test files should be updated to cover the changes: * `chatAttachPromptAction.test.ts` * `chatRunPromptAction.test.ts` * `askToSelectPrompt.test.ts`
246149,2025-04-17 00:29:08,llama,"src/vs/workbench/contrib/chat/browser/actions/reusablePromptActions/chatAttachPromptAction.ts, src/vs/workbench/contrib/chat/browser/actions/reusablePromptActions/chatRunPromptAction.ts, src/vs/workbench/contrib/chat/browser/actions/reusablePromptActions/dialogs/askToSelectPrompt/askToSelectPrompt.ts, src/vs/workbench/contrib/chat/browser/actions/reusablePromptActions/dialogs/askToSelectPrompt/utils/attachPrompt.ts, src/vs/workbench/contrib/chat/browser/actions/reusablePromptActions/dialogs/askToSelectPrompt/utils/detachPrompt.ts, src/vs/workbench/contrib/chat/browser/chatAttachmentModel/chatPromptAttachmentsCollection.ts",246739,The current PR refactors the `chatAttachPromptAction` and `chatRunPromptAction` files to use a new `attachPrompt` function instead of `attachPrompts`. This change seems to be a part of a larger refactoring effort to improve the chat prompt functionality.,* The `attachPrompt` function is not defined in the provided code block. It would be helpful to include the definition of this function to understand its behavior. * The,"The following files have been changed in multiple PRs and could cause conflicts: * `src/vs/workbench/contrib/chat/browser/actions/reusablePromptActions/chatAttachInstructionsAction.ts` (Similar PR 246739): This file has been modified in a similar PR, which could cause conflicts with the current PR. * `src/vs/workbench/contrib/chat/browser/chatContentParts/chatExtensionsContentPart.ts` (Similar PR 246751): This file has been modified in a similar PR, which could cause conflicts with the current PR.",The changes in this PR might break existing functionality if not properly tested. Specifically: * The change from `attachPrompts` to `attachPrompt` could affect the behavior of the chat prompt functionality. * The removal of the `attachPrompts` function could break existing code that relies on it.,The following test files should be updated to cover the changes in this PR: * `src/vs/workbench/contrib/chat/browser/actions/reusablePromptActions/chatAttachPromptAction.test.ts`: This file should be updated to test the new `attachPrompt` function. * `src/vs/workbench/contrib/chat/browser/actions/reusablePromptActions/chatRunPromptAction.test.ts`: This file should be updated to test the changes in the `chatRunPromptAction` function.
246149,2025-04-17 00:30:15,llama,"src/vs/workbench/contrib/chat/browser/actions/reusablePromptActions/chatAttachPromptAction.ts, src/vs/workbench/contrib/chat/browser/actions/reusablePromptActions/chatRunPromptAction.ts, src/vs/workbench/contrib/chat/browser/actions/reusablePromptActions/dialogs/askToSelectPrompt/askToSelectPrompt.ts, src/vs/workbench/contrib/chat/browser/actions/reusablePromptActions/dialogs/askToSelectPrompt/utils/attachPrompt.ts, src/vs/workbench/contrib/chat/browser/actions/reusablePromptActions/dialogs/askToSelectPrompt/utils/detachPrompt.ts, src/vs/workbench/contrib/chat/browser/chatAttachmentModel/chatPromptAttachmentsCollection.ts",246739,"The current PR makes changes to two files: `chatAttachPromptAction.ts` and `chatRunPromptAction.ts`. The main changes involve replacing `attachPrompts` with `attachPrompt` and updating the function calls accordingly. Additionally, some imports have been updated, and the `runAttachPromptAction` function is now called with different parameters.","Based on the changes made in this PR, the following files might be affected: * `dialogs/askToSelectPrompt/utils/attachPrompt.ts`: This file is imported in `chatAttachPromptAction.ts` and might need to be updated to match the new function signature. * `dialogs/askToSelectPrompt/utils/detachPrompt.ts`: Although not directly affected by these changes, it's related to `attachPrompt` and might require updates to maintain consistency. * `chatAttachmentModel/chatPromptAttachmentsCollection.ts`: As this file is part of the chat attachment model, it might be affected by the changes to `attachPrompt` and `chatAttachPromptAction`.","Comparing this PR with the similar PRs, the following files have been changed in multiple PRs and could potentially cause conflicts: * `dialogs/askToSelectPrompt/askToSelectPrompt.js`: This file has been changed in PR 246739 and might conflict with changes in the current PR. * `dialogs/askToSelectPrompt/promptFilePickers.js`: This file has been changed in PR 246739 and might conflict with changes in the current PR.",The following changes might break existing functionality: * Replacing `attachPrompts` with `attachPrompt` in `chatAttachPromptAction.ts` (lines 2-3) could lead to issues if the new function doesn't behave similarly. * Updating the parameters passed to `runAttachPromptAction` in `chatRunPromptAction.ts` (lines 5-6) might cause problems if the function isn't designed to handle these new parameters.,The following test files should be updated to ensure the changes are properly tested: * `chatAttachPromptAction.spec.ts`: This test file should be updated to cover the changes made to `chatAttachPromptAction.ts`. * `chatRunPromptAction.spec.ts`: This test file should be updated to cover the changes made to `chatRunPromptAction.ts`.
246149,2025-04-17 00:43:46,llama,"src/vs/workbench/contrib/chat/browser/actions/reusablePromptActions/chatAttachPromptAction.ts, src/vs/workbench/contrib/chat/browser/actions/reusablePromptActions/chatRunPromptAction.ts, src/vs/workbench/contrib/chat/browser/actions/reusablePromptActions/dialogs/askToSelectPrompt/askToSelectPrompt.ts, src/vs/workbench/contrib/chat/browser/actions/reusablePromptActions/dialogs/askToSelectPrompt/utils/attachPrompt.ts, src/vs/workbench/contrib/chat/browser/actions/reusablePromptActions/dialogs/askToSelectPrompt/utils/detachPrompt.ts, src/vs/workbench/contrib/chat/browser/chatAttachmentModel/chatPromptAttachmentsCollection.ts",246739,The current PR refactors the `chatAttachPromptAction.ts` and `chatRunPromptAction.ts` files by importing `attachPrompt` from `attachPrompt.js` instead of `attachPrompts`. The `attachPrompts` function is renamed to `attachPrompt` and its usage is updated accordingly.,* The `attachPrompt` function in `utils/attachPrompt.js` might be duplicated with the `askToSelectInstructions` function in `dialogs/askToSelectPrompt/askToSelectPrompt.ts`. Consider merging or extracting a common utility function. * The `chatAttachPromptAction.ts` and `chatRunPromptAction.ts` files have similar code structures. Consider extracting a common base class or utility function to reduce code duplication. Specific lines and,"Comparing the current PR with the similar PRs, the following files have been changed in multiple PRs and could cause conflicts: * `chatAttachInstructionsAction.ts` (PR 246739) and `chatAttachPromptAction.ts` (current PR) both modify the same file. * `chatActions.ts` (PR 246758) and `chatRunPromptAction.ts` (current PR) both modify different files in the same directory.",The changes in this PR might break existing functionality if not properly handled. Specifically: * The renaming of `attachPrompts` to `attachPrompt` might break existing calls to the old function. * The change in the return value of `attachPrompt` (from an array to an object) might break existing code that relies on the old return value.,The following test files should be updated to cover the changes in this PR: * `chatAttachPromptAction.test.ts` * `chatRunPromptAction.test.ts`
246149,2025-04-17 00:45:10,llama,"src/vs/workbench/contrib/chat/browser/actions/reusablePromptActions/chatAttachPromptAction.ts, src/vs/workbench/contrib/chat/browser/actions/reusablePromptActions/chatRunPromptAction.ts, src/vs/workbench/contrib/chat/browser/actions/reusablePromptActions/dialogs/askToSelectPrompt/askToSelectPrompt.ts, src/vs/workbench/contrib/chat/browser/actions/reusablePromptActions/dialogs/askToSelectPrompt/utils/attachPrompt.ts, src/vs/workbench/contrib/chat/browser/actions/reusablePromptActions/dialogs/askToSelectPrompt/utils/detachPrompt.ts, src/vs/workbench/contrib/chat/browser/chatAttachmentModel/chatPromptAttachmentsCollection.ts",246739,"The PR updates the `chatAttachPromptAction.ts` and `chatRunPromptAction.ts` files, replacing `attachPrompts` with `attachPrompt` and updating the import statements accordingly. The changes aim to simplify the prompt attachment process and reduce dependencies.",* The `chatAttachPromptAction.ts` file has a long method chain in the `attach,"The similar PRs (246739, 246758, and 246751) have made changes to files that might conflict with the current PR: * `dialogService` and `labelService` imports in PR 246739 might clash with the current PR's updates to `attachPrompt`. * PR 246751's changes to `EventList` might affect the current PR's usage of events in `chatAttachPromptAction.ts`.",The following changes might break existing functionality: * The replacement of `attachPrompts` with `attachPrompt` could cause issues if not properly handled in dependent files. * The updated `chatRunPromptAction.ts` might not work correctly if the `runAttachPromptAction` function is not adapted to the new `attachPrompt` logic.,"To ensure the changes do not introduce regressions, the following test files should be updated or added: * `chatAttachPromptAction.test.ts`: Test cases should be written to cover the updated `attachPrompt` logic and its integration with the chat attachment model. * `chatRunPromptAction.test.ts`: Tests should be added to verify the correct functioning of the `chatRunPromptAction` function with the new `attachPrompt` approach."
246149,2025-04-18 10:15:48,llama,"src/vs/workbench/contrib/chat/browser/actions/reusablePromptActions/chatAttachPromptAction.ts, src/vs/workbench/contrib/chat/browser/actions/reusablePromptActions/chatRunPromptAction.ts, src/vs/workbench/contrib/chat/browser/actions/reusablePromptActions/dialogs/askToSelectPrompt/askToSelectPrompt.ts, src/vs/workbench/contrib/chat/browser/actions/reusablePromptActions/dialogs/askToSelectPrompt/utils/attachPrompt.ts, src/vs/workbench/contrib/chat/browser/actions/reusablePromptActions/dialogs/askToSelectPrompt/utils/detachPrompt.ts, src/vs/workbench/contrib/chat/browser/chatAttachmentModel/chatPromptAttachmentsCollection.ts",246842,The current PR makes changes to two files:,Potential code smells or duplication: * The `attachPrompt` and `attachPrompts` functions seem to be similar. It might be worth considering merging these functions or making them more distinct. * The `chatAttachPromptAction` and `chat,Files changed in multiple PRs that could cause conflicts: * `dialogs/askToSelectPrompt/utils/runPrompt.ts` (Similar PR 246842) and `dialogs/askToSelectPrompt/utils/attachPrompt.ts` (current PR) both make changes to the `attachPrompt` function. These changes might conflict with each other. * `chatPromptAttachmentsCollection.ts` (Similar PR 246842) and `chatAttachPromptAction.ts` (current PR) both make changes to how prompts are attached and detached. These changes might conflict with each other.,Changes that might break existing functionality: * The change in `chatAttachPromptAction.ts` from `attachPrompts` to `attachPrompt` might break functionality if `attachPrompt` is not correctly implemented. * The change in `chatRunPromptAction.ts` might break functionality if the `chatAttachPromptAction` is not correctly called.,Test files that should be updated: * `chatAttachPromptAction.test.ts`: This file should be updated to reflect the changes in `chatAttachPromptAction.ts`. * `chatRunPromptAction.test.ts`: This file should be updated to reflect the changes in `chatRunPromptAction.ts`.
246149,2025-04-18 10:21:04,llama,"src/vs/workbench/contrib/chat/browser/actions/reusablePromptActions/chatAttachPromptAction.ts, src/vs/workbench/contrib/chat/browser/actions/reusablePromptActions/chatRunPromptAction.ts, src/vs/workbench/contrib/chat/browser/actions/reusablePromptActions/dialogs/askToSelectPrompt/askToSelectPrompt.ts, src/vs/workbench/contrib/chat/browser/actions/reusablePromptActions/dialogs/askToSelectPrompt/utils/attachPrompt.ts, src/vs/workbench/contrib/chat/browser/actions/reusablePromptActions/dialogs/askToSelectPrompt/utils/detachPrompt.ts, src/vs/workbench/contrib/chat/browser/chatAttachmentModel/chatPromptAttachmentsCollection.ts",246842,The current PR is refactoring the `chatAttachPromptAction` and `chatRunPromptAction` to use `attachPrompt` instead of `attachPrompts`. This change is likely to improve code clarity and reduce complexity.,* The `askToSelectPrompt` utility functions (e,* `src/vs/workbench/contrib/chat/browser/actions/reusablePromptActions/chatAttachPromptAction.ts` has been modified in multiple PRs (246842 and current PR). There might be conflicts between these changes.,* The changes in `chatAttachPromptAction` and `chatRunPromptAction` might break existing functionality if other files are still using `attachPrompts`. * The removal of `showFilesOnly` from the `context` object in `chatContextActions` (PR 246840) might affect the behavior of `chatAttachPromptAction`.,* Update test files that cover `chatAttachPromptAction` and `chatRunPromptAction` to ensure they work with the new `attachPrompt` function. * Add tests to cover the new `attachPrompt` function.
246149,2025-04-18 10:29:36,llama,"src/vs/workbench/contrib/chat/browser/actions/reusablePromptActions/chatAttachPromptAction.ts, src/vs/workbench/contrib/chat/browser/actions/reusablePromptActions/chatRunPromptAction.ts, src/vs/workbench/contrib/chat/browser/actions/reusablePromptActions/dialogs/askToSelectPrompt/askToSelectPrompt.ts, src/vs/workbench/contrib/chat/browser/actions/reusablePromptActions/dialogs/askToSelectPrompt/utils/attachPrompt.ts, src/vs/workbench/contrib/chat/browser/actions/reusablePromptActions/dialogs/askToSelectPrompt/utils/detachPrompt.ts, src/vs/workbench/contrib/chat/browser/chatAttachmentModel/chatPromptAttachmentsCollection.ts",246842,* `src/vs/workbench/contrib/chat/browser/actions/reusablePromptActions/dialogs/askToSelectPrompt/utils/runPrompt.ts`: This file has been changed in PR 246842 and might cause conflicts with the current PR.,"* The `attachPrompt` function might benefit from a more descriptive name, such as `attachSinglePrompt`, to indicate that it only attaches a single prompt. * The `chatAttachPromptAction.ts` file has a lot of similar code blocks that might be refactored to reduce duplication. Overall, the changes seem to be minor refactoring","Based on the provided similar PRs, the following files might cause conflicts:","The rename of `attachPrompts` to `attachPrompt` might break existing functionality if not properly updated in all dependent files. Specifically, the `chatRunPromptAction.ts` file might need to be updated to handle the changed attach prompt functionality.",The following test files should be updated to cover the changed functionality: * `chatAttachPromptAction.test.ts`: This file should be updated to test the renamed `attachPrompt` function. * `chatRunPromptAction.test.ts`: This file should be updated to test the changed prompt attachment functionality.
246149,2025-04-18 10:31:01,llama,"src/vs/workbench/contrib/chat/browser/actions/reusablePromptActions/chatAttachPromptAction.ts, src/vs/workbench/contrib/chat/browser/actions/reusablePromptActions/chatRunPromptAction.ts, src/vs/workbench/contrib/chat/browser/actions/reusablePromptActions/dialogs/askToSelectPrompt/askToSelectPrompt.ts, src/vs/workbench/contrib/chat/browser/actions/reusablePromptActions/dialogs/askToSelectPrompt/utils/attachPrompt.ts, src/vs/workbench/contrib/chat/browser/actions/reusablePromptActions/dialogs/askToSelectPrompt/utils/detachPrompt.ts, src/vs/workbench/contrib/chat/browser/chatAttachmentModel/chatPromptAttachmentsCollection.ts",246842,The current PR makes changes to two files: `chatAttachPromptAction.ts` and `chatRunPromptAction.ts`. The changes involve renaming imports and updating function calls to use the renamed imports.,"Based on the changes, the following files might be affected: * `src/vs/workbench/contrib/chat/browser/actions/reusablePromptActions/dialogs/askToSelectPrompt/utils/attachPrompt.ts` (renamed import) * `src/vs/workbench/contrib/chat/browser/actions/reusablePromptActions/dialogs/askToSelectPrompt/utils/detachPrompt.ts` (possible changes to detachPrompt functionality) * `src/vs/workbench/contrib/chat/browser/chatAttachmentModel/chatPromptAttachmentsCollection.ts` (possible changes to attachment model)",The following files have been changed in multiple PRs and could cause conflicts: * `src/vs/workbench/contrib/chat/browser/actions/reusablePromptActions/dialogs/askToSelectPrompt/utils/runPrompt.ts` (changed in PR 246842 and PR 246816) * `src/vs/workbench/contrib/chat/browser/actions/reusablePromptActions/dialogs/askToSelectPrompt/utils/attachPrompt.ts` (changed in PR 246842 and current PR) * `src/vs/workbench/contrib/chat/browser/actions/reusablePromptActions/dialogs/askToSelectPrompt/utils/detachPrompt.ts` (changed in PR 246842 and current PR),The changes to `attachPrompt` and `detachPrompt` functionalities might break existing functionality if not properly tested.,The following test files should be updated to cover the changes: * `src/vs/workbench/contrib/chat/browser/actions/reusablePromptActions/dialogs/askToSelectPrompt/test/askToSelectPrompt.test.ts` * `src/vs/workbench/contrib/chat/browser/actions/reusablePromptActions/chatAttachPromptAction.test.ts` * `src/vs/workbench/contrib/chat/browser/actions/reusablePromptActions/chatRunPromptAction.test.ts`
246149,2025-04-18 10:48:08,llama,"src/vs/workbench/contrib/chat/browser/actions/reusablePromptActions/chatAttachPromptAction.ts, src/vs/workbench/contrib/chat/browser/actions/reusablePromptActions/chatRunPromptAction.ts, src/vs/workbench/contrib/chat/browser/actions/reusablePromptActions/dialogs/askToSelectPrompt/askToSelectPrompt.ts, src/vs/workbench/contrib/chat/browser/actions/reusablePromptActions/dialogs/askToSelectPrompt/utils/attachPrompt.ts, src/vs/workbench/contrib/chat/browser/actions/reusablePromptActions/dialogs/askToSelectPrompt/utils/detachPrompt.ts, src/vs/workbench/contrib/chat/browser/chatAttachmentModel/chatPromptAttachmentsCollection.ts",246842,"The current PR renames and refactors the `attachPrompts` function to `attachPrompt` in two files: `chatAttachPromptAction.ts` and `chatRunPromptAction.ts`. This change is likely related to the similar PRs, which also renamed functions and variables.","* In `chatAttachPromptAction.ts`, the import statement has changed, but the rest of the code remains the same. Consider refactoring the code to take advantage of the new `attachPrompt` function. * In `chatRunPromptAction.ts`, the function signature has changed, but the code inside the function remains the same. Consider refactoring the code to take advantage of the new `attachPrompt` function. Specifically: * In `chatAttachPromptAction.ts`, line 5, the `attachPrompts` import has been renamed to `attachPrompt`. Consider updating the code to use the new function signature. * In `chatRunPromptAction.ts`, line 10, the `runAttachPromptAction` function signature has changed. Consider updating the code to use the new function","* `dialogs/askToSelectPrompt/utils/attachPrompt.ts`: This file was changed in the similar PR 246842, which renamed a function. There might be conflicts with the current PR's changes. * `chatAttachmentModel/chatPromptAttachmentsCollection.ts`: This file was changed in similar PR 246842, which might cause conflicts with the current PR's changes.",* The rename of `attachPrompts` to `attachPrompt` might break existing functionality if other parts of the codebase rely on the old function name. * The change in `chatRunPromptAction.ts` might affect the behavior of the `runAttachPromptAction` function.,* Update test files for `chatAttachPromptAction.ts` and `chatRunPromptAction.ts` to reflect the renamed function. * Consider adding tests for the `attachPrompt` function to ensure it works as expected.
246149,2025-04-18 10:50:27,llama,"src/vs/workbench/contrib/chat/browser/actions/reusablePromptActions/chatAttachPromptAction.ts, src/vs/workbench/contrib/chat/browser/actions/reusablePromptActions/chatRunPromptAction.ts, src/vs/workbench/contrib/chat/browser/actions/reusablePromptActions/dialogs/askToSelectPrompt/askToSelectPrompt.ts, src/vs/workbench/contrib/chat/browser/actions/reusablePromptActions/dialogs/askToSelectPrompt/utils/attachPrompt.ts, src/vs/workbench/contrib/chat/browser/actions/reusablePromptActions/dialogs/askToSelectPrompt/utils/detachPrompt.ts, src/vs/workbench/contrib/chat/browser/chatAttachmentModel/chatPromptAttachmentsCollection.ts",246842,"The current PR makes changes to the `chatAttachPromptAction.ts` and `chatRunPromptAction.ts` files, updating the import statements and function calls related to attaching and running prompts. The changes seem to be refactoring the code to use a new `attachPrompt` function instead of `attachPrompts`.",* The `attachPrompt` function is now importing `basename` from `../../../../../../../../../base/common/resources.js`. Consider moving this import to a more central location or creating a utility function to simplify the import. * The `,"Comparing the changes with the similar PRs, there might be conflicts in the following files: * `src/vs/workbench/contrib/chat/browser/actions/reusablePromptActions/dialogs/askToSelectPrompt/utils/attachPrompt.ts`: This file is changed in multiple PRs, and the changes might conflict. Specifically, PR 246842 updates the `attachPrompt` function, while the current PR renames it and updates the import statements.",The changes to the `attachPrompt` function and its usage might break existing functionality if not thoroughly tested. Specifically: * The new `attachPrompt` function might not work correctly with existing prompt attachments. * The updated `chatAttachPromptAction.ts` and `chatRunPromptAction.ts` files might not work correctly with the new `attachPrompt` function.,The following test files should be updated to cover the changed functionality: * `src/vs/workbench/contrib/chat/browser/actions/reusablePromptActions/chatAttachPromptAction.test.ts` * `src/vs/workbench/contrib/chat/browser/actions/reusablePromptActions/chatRunPromptAction.test.ts` * `src/vs/workbench/contrib/chat/browser/actions/reusablePromptActions/dialogs/askToSelectPrompt/utils/attachPrompt.test.ts`
246149,2025-04-18 10:59:55,llama,"src/vs/workbench/contrib/chat/browser/actions/reusablePromptActions/chatAttachPromptAction.ts, src/vs/workbench/contrib/chat/browser/actions/reusablePromptActions/chatRunPromptAction.ts, src/vs/workbench/contrib/chat/browser/actions/reusablePromptActions/dialogs/askToSelectPrompt/askToSelectPrompt.ts, src/vs/workbench/contrib/chat/browser/actions/reusablePromptActions/dialogs/askToSelectPrompt/utils/attachPrompt.ts, src/vs/workbench/contrib/chat/browser/actions/reusablePromptActions/dialogs/askToSelectPrompt/utils/detachPrompt.ts, src/vs/workbench/contrib/chat/browser/chatAttachmentModel/chatPromptAttachmentsCollection.ts",246842,"This PR renames `attachPrompts` to `attachPrompt` and updates the import statements and function calls accordingly. The `attachPrompts` function has been replaced with `attachPrompt`, which takes a single `resource` argument instead of an array of values.","In general, the changes look straightforward, but it's essential to thoroughly test the updated code to ensure that it doesn't break existing functionality.",File `src/vs/workbench/contrib/chat/browser/actions/reusablePromptActions/dialogs/askToSelectPrompt/utils/runPrompt.ts` is modified in both PR 246842 and the current PR. This might lead to conflicts when merging the changes.,"The changes to `attachPrompt` might break existing functionality if other parts of the codebase rely on the old behavior of `attachPrompts`. Specifically, the change from an array of values to a single `resource` argument might cause issues.",The following test files should be updated to cover the changes:
246149,2025-04-18 11:02:35,llama,"src/vs/workbench/contrib/chat/browser/actions/reusablePromptActions/chatAttachPromptAction.ts, src/vs/workbench/contrib/chat/browser/actions/reusablePromptActions/chatRunPromptAction.ts, src/vs/workbench/contrib/chat/browser/actions/reusablePromptActions/dialogs/askToSelectPrompt/askToSelectPrompt.ts, src/vs/workbench/contrib/chat/browser/actions/reusablePromptActions/dialogs/askToSelectPrompt/utils/attachPrompt.ts, src/vs/workbench/contrib/chat/browser/actions/reusablePromptActions/dialogs/askToSelectPrompt/utils/detachPrompt.ts, src/vs/workbench/contrib/chat/browser/chatAttachmentModel/chatPromptAttachmentsCollection.ts",246842,"The current PR makes changes to the `chatAttachPromptAction.ts` and `chatRunPromptAction.ts` files in the `reusablePromptActions` directory. Specifically, it updates the import statements and function calls to use `attachPrompt` instead of `attachPrompts` and `runAttachPromptAction`.",Potential code smells or duplication: * The `attachPrompts` function in `dialogs/askToSelectPrompt/utils/attachPrompts.js` is no longer used and can be removed. * The `runAttachPromptAction` function in `chatAttachPromptAction.ts` is duplicated and can be refactored to reduce duplication. Specific suggestions: * In `,The following files have been changed in multiple PRs and might cause conflicts: * `detachPrompt.ts` and `attachPrompt.ts` in `dialogs/askToSelectPrompt/utils`: These files were changed in PR 246842 and might conflict with changes in the current PR. * `chatAttachmentModel.ts` in `chatAttachmentModel`: This file was changed in PR 246816 and might conflict with changes in the current PR.,"The changes to the `attachPrompt` function might break existing functionality if not properly updated. Specifically, the changes to the import statements and function calls might cause issues if not handled correctly.",The following test files should be updated to ensure proper test coverage: * `chatAttachPromptAction.test.ts` and `chatRunPromptAction.test.ts`: These test files should be updated to reflect the changes to the `attachPrompt` function. * `askToSelectPrompt.test.ts`: This test file should be updated to handle the changes to the `attachPrompt` function.
246149,2025-04-18 11:09:56,alibaba,"src/vs/workbench/contrib/chat/browser/actions/reusablePromptActions/chatAttachPromptAction.ts, src/vs/workbench/contrib/chat/browser/actions/reusablePromptActions/chatRunPromptAction.ts, src/vs/workbench/contrib/chat/browser/actions/reusablePromptActions/dialogs/askToSelectPrompt/askToSelectPrompt.ts, src/vs/workbench/contrib/chat/browser/actions/reusablePromptActions/dialogs/askToSelectPrompt/utils/attachPrompt.ts, src/vs/workbench/contrib/chat/browser/actions/reusablePromptActions/dialogs/askToSelectPrompt/utils/detachPrompt.ts, src/vs/workbench/contrib/chat/browser/chatAttachmentModel/chatPromptAttachmentsCollection.ts",246842,"The current PR is refactoring prompt attachment logic from attaching multiple prompts (since before used an array) to a single prompt. The imports are redirected to new files, implying that the functions have been moved or renamed. For example, changing from 'attachPrompts' to 'attachPrompt', and adjusting parameters accordingly. This likely affects how prompts are handled in user actions, perhaps simplifying or changing the API here. They also reference updating the chatRunPromptAction.ts and the chatAttachmentModel as important files, which might be dependent on these changes.",The current changes involve replacing an array-based,,,
246149,2025-04-18 11:13:25,llama,"src/vs/workbench/contrib/chat/browser/actions/reusablePromptActions/chatAttachPromptAction.ts, src/vs/workbench/contrib/chat/browser/actions/reusablePromptActions/chatRunPromptAction.ts, src/vs/workbench/contrib/chat/browser/actions/reusablePromptActions/dialogs/askToSelectPrompt/askToSelectPrompt.ts, src/vs/workbench/contrib/chat/browser/actions/reusablePromptActions/dialogs/askToSelectPrompt/utils/attachPrompt.ts, src/vs/workbench/contrib/chat/browser/actions/reusablePromptActions/dialogs/askToSelectPrompt/utils/detachPrompt.ts, src/vs/workbench/contrib/chat/browser/chatAttachmentModel/chatPromptAttachmentsCollection.ts",246842,The current pull request (PR) modifies two files: *   `src/vs/workbench/contrib/chat/browser/actions/reusablePromptActions/chatAttachPromptAction.ts` *   `src/vs/workbench/contrib/chat/browser/actions/reusablePromptActions/chatRunPromptAction.ts` The changes involve: *   Renaming `attachPrompts` to `attachPrompt` and updating the return type in `chatAttachPromptAction.ts` *   Updating the import statement for `runAttachPromptAction` in `chatRunPromptAction.ts`,"Based on the changes, the following files might get affected: *   `src/vs/workbench/contrib/chat/browser/actions/reusablePromptActions/dialogs/askToSelectPrompt/utils/attachPrompt.ts`: The function `attachPrompt` is being imported and used in `chatAttachPromptAction.ts`. Any changes to this file might impact the current PR. *   `src/vs/workbench/contrib/chat/browser/actions/reusablePromptActions/dialogs/askToSelectPrompt/utils/attachPrompts.js`: Although this file is not directly imported in the current PR, it's related to the renamed function `attachPrompts`. Changes to this file might be necessary to maintain consistency.",Files changed in multiple PRs that could cause conflicts:,Changes that might break existing functionality: *   The renaming of `attachPrompts` to `attachPrompt` in `chatAttachPromptAction.ts` might break existing functionality if there are other parts of the codebase that rely on the original function name. *   The update to `runAttachPromptAction` in `chatRunPromptAction.ts` might cause issues if the function signature or return type has changed.,Test files that should be updated: *   `
246149,2025-04-18 11:25:55,llama,"src/vs/workbench/contrib/chat/browser/actions/reusablePromptActions/chatAttachPromptAction.ts, src/vs/workbench/contrib/chat/browser/actions/reusablePromptActions/chatRunPromptAction.ts, src/vs/workbench/contrib/chat/browser/actions/reusablePromptActions/dialogs/askToSelectPrompt/askToSelectPrompt.ts, src/vs/workbench/contrib/chat/browser/actions/reusablePromptActions/dialogs/askToSelectPrompt/utils/attachPrompt.ts, src/vs/workbench/contrib/chat/browser/actions/reusablePromptActions/dialogs/askToSelectPrompt/utils/detachPrompt.ts, src/vs/workbench/contrib/chat/browser/chatAttachmentModel/chatPromptAttachmentsCollection.ts",246842,- May require updates to align with the changes in prompt attachment logic.,- Has related changes in handling prompt actions and might need adjustments.,,,
246149,2025-04-18 11:27:44,llama,"src/vs/workbench/contrib/chat/browser/actions/reusablePromptActions/chatAttachPromptAction.ts, src/vs/workbench/contrib/chat/browser/actions/reusablePromptActions/chatRunPromptAction.ts, src/vs/workbench/contrib/chat/browser/actions/reusablePromptActions/dialogs/askToSelectPrompt/askToSelectPrompt.ts, src/vs/workbench/contrib/chat/browser/actions/reusablePromptActions/dialogs/askToSelectPrompt/utils/attachPrompt.ts, src/vs/workbench/contrib/chat/browser/actions/reusablePromptActions/dialogs/askToSelectPrompt/utils/detachPrompt.ts, src/vs/workbench/contrib/chat/browser/chatAttachmentModel/chatPromptAttachmentsCollection.ts",246842,Potential risks:,"To ensure the changes are properly tested, the following test cases are required:",,,
246149,2025-04-18 12:03:27,llama,"src/vs/workbench/contrib/chat/browser/actions/reusablePromptActions/chatAttachPromptAction.ts, src/vs/workbench/contrib/chat/browser/actions/reusablePromptActions/chatRunPromptAction.ts, src/vs/workbench/contrib/chat/browser/actions/reusablePromptActions/dialogs/askToSelectPrompt/askToSelectPrompt.ts, src/vs/workbench/contrib/chat/browser/actions/reusablePromptActions/dialogs/askToSelectPrompt/utils/attachPrompt.ts, src/vs/workbench/contrib/chat/browser/actions/reusablePromptActions/dialogs/askToSelectPrompt/utils/detachPrompt.ts, src/vs/workbench/contrib/chat/browser/chatAttachmentModel/chatPromptAttachmentsCollection.ts",246842,The following changes might introduce potential breaking changes: * Renaming `attachPrompts` to `attachPrompt` might break existing code that relies on the original function name. *,"Based on the provided similar PRs, the following files seem to have a high change frequency: * `src/vs/workbench/contrib/chat/browser/actions/reusablePromptActions/dialogs/askToSelectPrompt/utils/detachPrompt.ts` (PR 246842) * `src/vs/workbench/contrib/chat/browser/chatAttachmentModel/chatPromptAttachmentsCollection.ts` (PR 246842) * `src/vs/workbench/contrib/chat/browser/actions/chatActions.ts` (PR 246816)",,,
246149,2025-04-18 12:06:06,alibaba,"src/vs/workbench/contrib/chat/browser/actions/reusablePromptActions/chatAttachPromptAction.ts, src/vs/workbench/contrib/chat/browser/actions/reusablePromptActions/chatRunPromptAction.ts, src/vs/workbench/contrib/chat/browser/actions/reusablePromptActions/dialogs/askToSelectPrompt/askToSelectPrompt.ts, src/vs/workbench/contrib/chat/browser/actions/reusablePromptActions/dialogs/askToSelectPrompt/utils/attachPrompt.ts, src/vs/workbench/contrib/chat/browser/actions/reusablePromptActions/dialogs/askToSelectPrompt/utils/detachPrompt.ts, src/vs/workbench/contrib/chat/browser/chatAttachmentModel/chatPromptAttachmentsCollection.ts",246842,"<think> Okay, let's dive into analyzing this PR. The user provided two files with changes and mentioned some similar PRs, so I need to evaluate the code changes, check for issues, and reference the provided files. First, looking at the main files changed here: chatAttachPromptAction.ts and chatRunPromptAction.ts. The first file changed from using attachPrompts (plural) to attachPrompt (singular). This switch indicates a possible renam or deprecation. The import path also changed from '.../attachPrompts.js' to 'attachPrompt.js', which suggests a file was renamed. The function parameters in attachPrompts probably took an array of resources, whereas attachPrompt now takes a single resource. Checking the context: the KEY FILES list includes """"attachPrompt.ts"""", which is where the new method might come from. The before-and-after in chatAttachPromptAction.ts uses an array before, now passing resource directly. The return was """"widget"""" but now it's destructured from the promise result. Are they still getting the widget the same way? Maybe the function now returns an object with widget as a property. Next, in chatRunPromptAction.ts, they removed runAttachPromptAction and replaced it with passing options to another function. The original call used an object with inNewChat and skipSelectionDialog. Need to check if the new structure (like passing """"resource"""" and other options) matches the new function's parameters. Conflicts might occur if other PRs (like the similar ones listed) also changed the same files. For example, PR 246842 modified chatPromptAttachmentsCollection.ts and had changes in similar directories, so that files might be conflicted if others modified them recently. PR 246839 changed chatContextActions.ts, which isn't directly involved here, but maybe dependencies like the attachPrompt's model could have indirect issues. Testing: The changes are in the reusable prompt actions. The PR's tests might need coverage for the attachPrompt and its cases. I should look for test files for these functions. Also, the removal or rename of attachPrompts might break if there's no corresponding test update in 'utils/attachPrompt.test.ts' or related test files. Potential Risks: The changed parameter from array to singular could cause errors if the method now expects a single resource instead of a list. Previously, maybe the array was the first parameter, but now the function might have a different",,,,
246149,2025-04-18 12:25:47,llama,"src/vs/workbench/contrib/chat/browser/actions/reusablePromptActions/chatAttachPromptAction.ts, src/vs/workbench/contrib/chat/browser/actions/reusablePromptActions/chatRunPromptAction.ts, src/vs/workbench/contrib/chat/browser/actions/reusablePromptActions/dialogs/askToSelectPrompt/askToSelectPrompt.ts, src/vs/workbench/contrib/chat/browser/actions/reusablePromptActions/dialogs/askToSelectPrompt/utils/attachPrompt.ts, src/vs/workbench/contrib/chat/browser/actions/reusablePromptActions/dialogs/askToSelectPrompt/utils/detachPrompt.ts, src/vs/workbench/contrib/chat/browser/chatAttachmentModel/chatPromptAttachmentsCollection.ts",246842,"Error: Error code: 503 - {'error': {'message': 'Service Unavailable', 'type': 'internal_server_error'}}",,,,
246149,2025-04-18 12:36:54,llama,"src/vs/workbench/contrib/chat/browser/actions/reusablePromptActions/chatAttachPromptAction.ts, src/vs/workbench/contrib/chat/browser/actions/reusablePromptActions/chatRunPromptAction.ts, src/vs/workbench/contrib/chat/browser/actions/reusablePromptActions/dialogs/askToSelectPrompt/askToSelectPrompt.ts, src/vs/workbench/contrib/chat/browser/actions/reusablePromptActions/dialogs/askToSelectPrompt/utils/attachPrompt.ts, src/vs/workbench/contrib/chat/browser/actions/reusablePromptActions/dialogs/askToSelectPrompt/utils/detachPrompt.ts, src/vs/workbench/contrib/chat/browser/chatAttachmentModel/chatPromptAttachmentsCollection.ts",246842,"* Before: `import { attachPrompts, IAttachPromptOptions } from './dialogs/askToSelectPrompt/utils/attachPrompts.js';` * After: `import { attachPrompt, IAttachPromptOptions } from './dialogs/askToSelectPrompt/utils/attachPrompt.js';`","Based on the provided similar PRs, the following files have had recent changes: * `src/vs/workbench/contrib/chat/browser/chatAttachmentModel/chatPromptAttachmentsCollection.ts` (PR #246842) * `src/vs/workbench/contrib/chat/browser/actions/chatActions.ts` (PR #246816) * `src/vs/workbench/contrib/chat/browser/actions/chatContextActions.ts` (PR #246840) These files might require additional attention when integrating this PR.",,,
246149,2025-04-18 12:40:20,llama,"src/vs/workbench/contrib/chat/browser/actions/reusablePromptActions/chatAttachPromptAction.ts, src/vs/workbench/contrib/chat/browser/actions/reusablePromptActions/chatRunPromptAction.ts, src/vs/workbench/contrib/chat/browser/actions/reusablePromptActions/dialogs/askToSelectPrompt/askToSelectPrompt.ts, src/vs/workbench/contrib/chat/browser/actions/reusablePromptActions/dialogs/askToSelectPrompt/utils/attachPrompt.ts, src/vs/workbench/contrib/chat/browser/actions/reusablePromptActions/dialogs/askToSelectPrompt/utils/detachPrompt.ts, src/vs/workbench/contrib/chat/browser/chatAttachmentModel/chatPromptAttachmentsCollection.ts",246842,The following potential breaking changes were identified:,"Based on the provided similar PRs, the following files seem to have a high change frequency:",These files may require additional updates or review to ensure consistency with the changes made in the current PR.,,
246149,2025-04-18 12:46:29,llama,"src/vs/workbench/contrib/chat/browser/actions/reusablePromptActions/chatAttachPromptAction.ts, src/vs/workbench/contrib/chat/browser/actions/reusablePromptActions/chatRunPromptAction.ts, src/vs/workbench/contrib/chat/browser/actions/reusablePromptActions/dialogs/askToSelectPrompt/askToSelectPrompt.ts, src/vs/workbench/contrib/chat/browser/actions/reusablePromptActions/dialogs/askToSelectPrompt/utils/attachPrompt.ts, src/vs/workbench/contrib/chat/browser/actions/reusablePromptActions/dialogs/askToSelectPrompt/utils/detachPrompt.ts, src/vs/workbench/contrib/chat/browser/chatAttachmentModel/chatPromptAttachmentsCollection.ts",246842,"- Before: `import { attachPrompts, IAttachPromptOptions } from './dialogs/askToSelectPrompt/utils/attachPrompts.js';` - After: `import { attachPrompt, IAttachPromptOptions } from './dialogs/askToSelectPrompt/utils/attachPrompt.js';` - Impact: The function `attachPrompts` is replaced with `attachPrompt`, indicating a shift towards handling prompts individually.",- Changes in `chatRunPromptAction.ts` might affect how prompts are executed or interact with the chat functionality.,Files with high change frequency that might pose conflicts: These files are crucial as they likely contain related functionality for attaching and handling prompts.,Potential breaking changes with evidence: - The replacement of `attachPrompts` with `attachPrompt` could introduce issues if the new function does not support multiple prompts or behaves differently.,Required test coverage with file
246149,2025-04-18 12:49:47,llama,"src/vs/workbench/contrib/chat/browser/actions/reusablePromptActions/chatAttachPromptAction.ts, src/vs/workbench/contrib/chat/browser/actions/reusablePromptActions/chatRunPromptAction.ts, src/vs/workbench/contrib/chat/browser/actions/reusablePromptActions/dialogs/askToSelectPrompt/askToSelectPrompt.ts, src/vs/workbench/contrib/chat/browser/actions/reusablePromptActions/dialogs/askToSelectPrompt/utils/attachPrompt.ts, src/vs/workbench/contrib/chat/browser/actions/reusablePromptActions/dialogs/askToSelectPrompt/utils/detachPrompt.ts, src/vs/workbench/contrib/chat/browser/chatAttachmentModel/chatPromptAttachmentsCollection.ts",246842,- As the source of the newly named function `attachPrompt`.,- Directly modified in this PR.,"- Although the exact changes are not detailed in the provided diff, it seems there might be related adjustments to accommodate the new `attachPrompt` function.",,
246149,2025-04-18 13:45:15,llama,"src/vs/workbench/contrib/chat/browser/actions/reusablePromptActions/chatAttachPromptAction.ts, src/vs/workbench/contrib/chat/browser/actions/reusablePromptActions/chatRunPromptAction.ts, src/vs/workbench/contrib/chat/browser/actions/reusablePromptActions/dialogs/askToSelectPrompt/askToSelectPrompt.ts, src/vs/workbench/contrib/chat/browser/actions/reusablePromptActions/dialogs/askToSelectPrompt/utils/attachPrompt.ts, src/vs/workbench/contrib/chat/browser/actions/reusablePromptActions/dialogs/askToSelectPrompt/utils/detachPrompt.ts, src/vs/workbench/contrib/chat/browser/chatAttachmentModel/chatPromptAttachmentsCollection.ts",246842,- Evidence: The change from `attachPrompts` to `attachPrompt` in `chatAttachPromptAction.ts` (line 3-4) could break functionality in files like `chatPromptAttachmentsCollection.ts` if it expects multiple prompts.,"- Evidence: Similar PRs (e.g., PR",,,
246149,2025-04-18 13:49:28,llama,"src/vs/workbench/contrib/chat/browser/actions/reusablePromptActions/chatAttachPromptAction.ts, src/vs/workbench/contrib/chat/browser/actions/reusablePromptActions/chatRunPromptAction.ts, src/vs/workbench/contrib/chat/browser/actions/reusablePromptActions/dialogs/askToSelectPrompt/askToSelectPrompt.ts, src/vs/workbench/contrib/chat/browser/actions/reusablePromptActions/dialogs/askToSelectPrompt/utils/attachPrompt.ts, src/vs/workbench/contrib/chat/browser/actions/reusablePromptActions/dialogs/askToSelectPrompt/utils/detachPrompt.ts, src/vs/workbench/contrib/chat/browser/chatAttachmentModel/chatPromptAttachmentsCollection.ts",246842,"Based on the provided information, the following files are directly impacted: ```javascript import { attachPrompts, IAttachPromptOptions } from './dialogs/askToSelectPrompt/utils/attachPrompts.js'; ``` ```javascript import { attachPrompt, IAttachPromptOptions } from './dialogs/askToSelectPrompt/utils/attachPrompt.js'; ```",```javascript import { runAttachPromptAction } from './chatAttachPromptAction.js'; ```,,,
246149,2025-04-18 13:54:55,llama,"src/vs/workbench/contrib/chat/browser/actions/reusablePromptActions/chatAttachPromptAction.ts, src/vs/workbench/contrib/chat/browser/actions/reusablePromptActions/chatRunPromptAction.ts, src/vs/workbench/contrib/chat/browser/actions/reusablePromptActions/dialogs/askToSelectPrompt/askToSelectPrompt.ts, src/vs/workbench/contrib/chat/browser/actions/reusablePromptActions/dialogs/askToSelectPrompt/utils/attachPrompt.ts, src/vs/workbench/contrib/chat/browser/actions/reusablePromptActions/dialogs/askToSelectPrompt/utils/detachPrompt.ts, src/vs/workbench/contrib/chat/browser/chatAttachmentModel/chatPromptAttachmentsCollection.ts",246842,"The following files are directly modified or likely to be impacted: *   `src/vs/workbench/contrib/chat/browser/actions/reusablePromptActions/chatAttachPromptAction.ts`: The import statement and function call have been updated to use `attachPrompt` instead of `attachPrompts`. *   `src/vs/workbench/contrib/chat/browser/actions/reusablePromptActions/chatRunPromptAction.ts`: The import statement and function call have been updated to use the new `attachPrompt` function. Additionally, the following files might be relevant for a comprehensive understanding: *   `src/vs/workbench/contrib/chat/browser/actions/reusablePromptActions/dialogs/askToSelectPrompt/askToSelectPrompt.ts` *   `src/vs/workbench/contrib/chat/browser/actions/reusablePromptActions/dialogs/askToSelectPrompt/utils/attachPrompt.ts` *   `src/vs/workbench/contrib/chat/browser/actions/reusablePromptActions/dialogs/askToSelectPrompt/utils/detachPrompt.ts` *   `src/vs/workbench/contrib/chat/browser/chatAttachmentModel/chatPromptAttachmentsCollection.ts`","Based on the provided similar PRs, the following files have seen recent changes: *   `src/vs/platform/prompts/common/constants.ts` (PR #246842) *   `src/vs/workbench/contrib/chat/browser/actions/chatActions.ts` (PR #246816) *   `src/vs/workbench/contrib/chat/browser/actions/chatContextActions.ts` (PR #246839) These files might require careful review to ensure",,,
246149,2025-04-18 14:05:26,alibaba,"src/vs/workbench/contrib/chat/browser/actions/reusablePromptActions/chatAttachPromptAction.ts, src/vs/workbench/contrib/chat/browser/actions/reusablePromptActions/chatRunPromptAction.ts, src/vs/workbench/contrib/chat/browser/actions/reusablePromptActions/dialogs/askToSelectPrompt/askToSelectPrompt.ts, src/vs/workbench/contrib/chat/browser/actions/reusablePromptActions/dialogs/askToSelectPrompt/utils/attachPrompt.ts, src/vs/workbench/contrib/chat/browser/actions/reusablePromptActions/dialogs/askToSelectPrompt/utils/detachPrompt.ts, src/vs/workbench/contrib/chat/browser/chatAttachmentModel/chatPromptAttachmentsCollection.ts",246842,"<think> Okay, let me try to tackle this. The user provided a PR analysis request, so I need to go through the changes made in the PR files and related similar PRs. The main goal is to break down the key changes, identify potential issues, and outline the necessary tests and quality concerns. First, looking at the current PR changes. The core files affected are related to attaching and detaching prompts in a chat application. The key files mentioned are the ones under the reusablePromptActions directory and related services. The main change seems to be moving from using attachPrompts to attachPrompt, which is singular. Also, there are new parameters involved like wasAlreadyAttached and some new functions like detachPrompt. In chatAttachPromptAction.ts, they replaced the import from attachPrompts to attachPrompt, which probably is a function name change. The parameters passed here might have changed too, maybe from an array to a single item since the function is now singular. The line changed here was the function call, using just a single resource instead of an array. In chatRunPromptAction.ts, there are changes to import statements and usages, and they're now passing in some more parameters like viewsService, and checking wasAlreadyAttached to decide to detach. Also, they're calling widget.acceptInput(), which wasn't there before. Looking at the askToSelectPrompt/attachPrompt.ts, the function now returns an IAttachResult interface which includes whether it was already attached. The add method in chatPromptAttachmentsCollection was changed to return a boolean indicating if it's already present, which now is used to set wasAlreadyAttached. So that's why they added that return value and check. In the chatPromptAttachmentsCollection.ts, the add method now returns a boolean instead of 'this', so that's a key change. The previous method was just appending and returning 'this', but now it returns a boolean indicating if the URI was already present, which affects the logic for wasAlreadyAttached in the attachPrompt function. Wait, actually, looking at the before and after for chatPromptAttachmentsCollection: Before, add(uri) returns 'this', but after changing it to return a boolean. In the before code, the line was: public add(uri: URI): this { But after, it's: public add(uri: URI): boolean { ... So now, add returns true or false based on whether the URI was already present? Wait, looking at the after code provided",,,,
246149,2025-04-18 14:07:48,llama,"src/vs/workbench/contrib/chat/browser/actions/reusablePromptActions/chatAttachPromptAction.ts, src/vs/workbench/contrib/chat/browser/actions/reusablePromptActions/chatRunPromptAction.ts, src/vs/workbench/contrib/chat/browser/actions/reusablePromptActions/dialogs/askToSelectPrompt/askToSelectPrompt.ts, src/vs/workbench/contrib/chat/browser/actions/reusablePromptActions/dialogs/askToSelectPrompt/utils/attachPrompt.ts, src/vs/workbench/contrib/chat/browser/actions/reusablePromptActions/dialogs/askToSelectPrompt/utils/detachPrompt.ts, src/vs/workbench/contrib/chat/browser/chatAttachmentModel/chatPromptAttachmentsCollection.ts",246842,- The shift from `attachPrompts` (plural) to `attachPrompt,"- Focuses on quota messages and UI updates, which might indirectly relate to how prompts and attachments are handled.","- Deals with tool context actions, which could intersect with how prompts are processed or presented.",,
