user_input,retrieved_contexts,response,faithfulness,answer_relevancy
Is free will an illusion?,"['Whether free will is an illusion is a complex philosophical question with no universally agreed-upon answer.  Neuroscience, physics, and philosophy offer different perspectives, and the debate continues.\n']","<think>
Okay, so I'm trying to figure out whether free will is an illusion. I've heard people talk about this a lot, but I'm not entirely sure what it means. Let me start by breaking down the terms. Free will, as I understand it, is the ability to choose between different possible courses of action. It's like when you make a decision, you feel like you have options and you pick one based on your own volition.

Now, the question is whether this feeling of choice is just an illusion. I've heard some scientists and philosophers argue that our decisions are actually determined by factors we're not aware of, like our genetics, environment, and past experiences. If that's the case, then maybe the sense of making a free choice is just an illusion because we're not really in control.

I remember reading something about neuroscience experiments where people's brain activity was monitored. It seemed like the brain made a decision before the person was consciously aware of it. That",,
What does it mean to live a meaningful life?,"['A meaningful life is subjectively defined, but generally involves pursuing values, goals, and activities that bring a sense of purpose, fulfillment, and connection to something larger than oneself.  It often includes contributing to something beyond the individual and experiencing positive emotions.\n']","<think>
Okay, so I'm trying to figure out what it means to live a meaningful life. I've heard people talk about it before, but I'm not entirely sure what it entails. Let me break it down step by step.

First, I think it has something to do with feeling happy or satisfied. But I also remember reading that it's more than just temporary happiness. Maybe it's about finding a deeper sense of purpose. So, purpose seems important. But how do you find that purpose? Is it something you're born with, or do you develop it over time?

Then there's the aspect of relationships. I know that having strong connections with others makes life feel more fulfilling. But how does that tie into a meaningful life? Is it just about quantity, or is it the quality of those relationships that matters?

I've also heard that contributing to something bigger than yourself can make life meaningful. Maybe that's why people volunteer or work in certain fields. But what counts as contributing",,
How can one develop a growth mindset for lifelong learning?,"['Developing a growth mindset for lifelong learning involves embracing challenges, viewing effort as a path to mastery, learning from criticism, finding inspiration in the success of others, and believing in the malleability of intelligence.  This requires actively seeking new knowledge and skills, persistently overcoming obstacles, and reflecting on learning experiences to improve future efforts.\n']","<think>
Okay, so the user is asking how to develop a growth mindset for lifelong learning. I need to provide a concise and accurate answer based on the guidelines. Let me break it down.

First, I should define what a growth mindset is. It's the belief that abilities can be developed through dedication and hard work. Then, outline practical steps someone can take.

1. Embracing challenges: People with a growth mindset see challenges as opportunities to learn, not as threats. So, I should mention that.

2. Learning from failure: Instead of being discouraged, they view failures as steps towards success. That's important to include.

3. Practicing perseverance: It's about not giving up when things get tough. I'll add that.

4. Seeking feedback: Constructive criticism helps identify areas to improve. So, seeking and acting on feedback is key.

5. Focusing on effort: Recognizing that effort leads to progress, rather than just talent, is crucial.

6.",,
How can someone find their true passion in life?,"[""There's no single method to find one's true passion.  It often involves self-reflection, exploration of interests, and experimentation with different activities.  Consider trying new things, identifying enjoyable tasks, and analyzing your strengths and values.\n""]","<think>
Okay, so I'm trying to figure out how someone can find their true passion in life. I've heard that passion is important for happiness and fulfillment, but I'm not exactly sure where to start. Maybe I can break it down into steps or methods people use. 

First, I think self-reflection is key. People often talk about journaling or meditating to get in touch with their feelings and thoughts. Maybe by spending time alone and thinking deeply, someone can uncover what truly matters to them. But how do you actually do that? Do you set aside specific times each day for reflection, or is it more about being mindful throughout the day?

Then there's the idea of trying new things. I guess if you never explore different activities or hobbies, you might never discover what you're passionate about. But how do you decide what to try? There are so many options out there. Maybe starting with things that interest you a bit, even if you're not sure, could",,
How should one balance ambition and contentment?,"['Balancing ambition and contentment involves setting realistic goals aligned with personal values.  Regularly assess progress and celebrate achievements, while also practicing gratitude and mindfulness to appreciate current circumstances.  This requires self-awareness and a willingness to adjust goals as needed to maintain a healthy equilibrium.\n']","<think>
Okay, so I need to figure out how to balance ambition and contentment. Hmm, where do I start? Ambition is about striving for goals and wanting to achieve things, right? And contentment is being satisfied with what you have. It seems like they're opposites, but I guess you can have both.

Maybe it's about setting goals but also appreciating where you are now. I remember reading somewhere that gratitude helps with contentment. So maybe if I'm grateful for my current situation, I can still aim for bigger things without feeling dissatisfied.

I wonder if having clear goals is part of it. If I know what I want to achieve, I can work towards it without feeling lost. But I also don't want to overlook the progress I've already made. Celebrating small wins might help maintain contentment while still pushing forward.

Work-life balance comes to mind too. If I'm too focused on ambition, I might neglect other areas of my life. Finding",,
Is free will an illusion?,"['Whether free will is an illusion is a complex philosophical question with no universally agreed-upon answer.  Neuroscience, physics, and philosophy offer different perspectives, and the debate continues.\n']","The question of whether free will is an illusion is a topic of ongoing debate among philosophers, scientists, and scholars. There is no consensus on a single answer, and different perspectives offer varying insights.

From a scientific perspective, research in neuroscience and psychology suggests that our brain activity and neural processes can influence our decisions and actions, which may challenge the idea of complete free will.

From a philosophical perspective, determinists argue that every event, including human decisions and actions, is the inevitable result of prior causes and is therefore predetermined, implying that free will is an illusion. However, compatibilists argue that free will is compatible with determinism and that our choices may be influenced but are still our own.

Ultimately, the question of whether free will is an illusion remains a matter of interpretation and ongoing debate.",,
What does it mean to live a meaningful life?,"['A meaningful life is subjectively defined, but generally involves pursuing values, goals, and activities that bring a sense of purpose, fulfillment, and connection to something larger than oneself.  It often includes contributing to something beyond the individual and experiencing positive emotions.\n']","Living a meaningful life is a highly individualized and subjective concept. However, research suggests that it often involves a combination of the following elements:

1. Purpose: Having clear goals, values, and a sense of direction that guide one's actions and decisions.
2. Significance: Feeling that one's life has a positive impact on others, whether through relationships, work, or contributions to society.
3. Fulfillment: Experiencing a sense of satisfaction, contentment, and happiness in one's life.
4. Autonomy: Having the freedom to make choices and live life on one's own terms.
5. Positive relationships: Nurturing connections with others that are supportive, loving, and meaningful.
6. Personal growth: Continually learning, developing, and improving oneself.
7. Contribution: Making a difference in the world, no matter how small, through one's actions and presence.

Ultimately, a meaningful life is one that is authentic, purpose-driven, and brings a sense of",,
How can one develop a growth mindset for lifelong learning?,"['Developing a growth mindset for lifelong learning involves embracing challenges, viewing effort as a path to mastery, learning from criticism, finding inspiration in the success of others, and believing in the malleability of intelligence.  This requires actively seeking new knowledge and skills, persistently overcoming obstacles, and reflecting on learning experiences to improve future efforts.\n']","To develop a growth mindset for lifelong learning, follow these steps:

1. **Embrace challenges**: View obstacles as opportunities for growth and learning.
2. **Believe abilities can be developed**: Recognize that intelligence and skills can be improved through effort and dedication.
3. **Focus on progress, not perfection**: Celebrate small wins and acknowledge progress, rather than striving for flawless results.
4. **Embrace failures as learning experiences**: Treat setbacks as chances to learn and improve.
5. **Seek feedback and constructive criticism**: Use feedback to identify areas for improvement and adjust your approach.
6. **Practice self-reflection and self-awareness**: Regularly assess your strengths, weaknesses, and learning style to adjust your approach.
7. **Stay curious and open-minded**: Maintain a childlike curiosity and be willing to explore new ideas and perspectives.
8. **Surround yourself with supportive people**: Engage with others who encourage and support your learning journey.
9. **Celebrate others' successes",,
How can someone find their true passion in life?,"[""There's no single method to find one's true passion.  It often involves self-reflection, exploration of interests, and experimentation with different activities.  Consider trying new things, identifying enjoyable tasks, and analyzing your strengths and values.\n""]","Finding one's true passion in life can be a personal and ongoing process. Here are some steps to help someone discover their true passion:

1. **Reflect on your values**: Identify what matters most to you in life, such as helping others, creativity, or personal growth.
2. **Explore your interests**: Think about activities you enjoy doing in your free time, even if you're not good at them yet. This can include hobbies, reading, or volunteering.
3. **Try new things**: Experiment with different activities, classes, or workshops to discover what resonates with you.
4. **Pay attention to flow**: Notice when you're fully engaged and lose track of time. This can indicate a passion area.
5. **Seek feedback**: Ask trusted friends, family, or mentors what they think you're passionate about and what you're naturally good at.
6. **Reflect on your strengths**: Identify your natural talents and skills, and consider how they can be applied to a passion area.
",,
How should one balance ambition and contentment?,"['Balancing ambition and contentment involves setting realistic goals aligned with personal values.  Regularly assess progress and celebrate achievements, while also practicing gratitude and mindfulness to appreciate current circumstances.  This requires self-awareness and a willingness to adjust goals as needed to maintain a healthy equilibrium.\n']","Balancing ambition and contentment requires finding a harmonious middle ground between striving for growth and appreciating what you already have. Here are some tips to achieve this balance:

1. **Set realistic goals**: Break down ambitious goals into smaller, achievable milestones to avoid feeling overwhelmed and dissatisfied.
2. **Celebrate small wins**: Acknowledge and appreciate the progress you've made, no matter how small, to cultivate contentment.
3. **Practice gratitude**: Regularly reflect on the good things in your life, such as supportive relationships, good health, or personal achievements.
4. **Embrace imperfection**: Recognize that perfection is unattainable and that it's okay to have areas for improvement while still being content with your current situation.
5. **Take breaks and rest**: Allow yourself time to relax and recharge to avoid burnout and maintain a sense of contentment.
6. **Re-evaluate priorities**: Periodically assess your goals and values to ensure they align with what truly",,
Is free will an illusion?,"['Whether free will is an illusion is a complex philosophical question with no universally agreed-upon answer.  Neuroscience, physics, and philosophy offer different perspectives, and the debate continues.\n']","The question of whether free will is an illusion is a complex topic debated in philosophy, neuroscience, and psychology. There is no consensus, and current scientific understanding of the brain suggests that many decisions and actions are the result of unconscious neural processes. However, whether this means free will is an illusion or simply misunderstood is still under debate.",,
What does it mean to live a meaningful life?,"['A meaningful life is subjectively defined, but generally involves pursuing values, goals, and activities that bring a sense of purpose, fulfillment, and connection to something larger than oneself.  It often includes contributing to something beyond the individual and experiencing positive emotions.\n']","Living a meaningful life means engaging in activities and relationships that provide a sense of purpose, fulfillment, and personal growth. It often involves having goals, contributing to others, and feeling that one's actions make a positive impact on the world.",,
How can one develop a growth mindset for lifelong learning?,"['Developing a growth mindset for lifelong learning involves embracing challenges, viewing effort as a path to mastery, learning from criticism, finding inspiration in the success of others, and believing in the malleability of intelligence.  This requires actively seeking new knowledge and skills, persistently overcoming obstacles, and reflecting on learning experiences to improve future efforts.\n']","To develop a growth mindset for lifelong learning, follow these steps:

1. Embrace challenges: See difficult tasks as opportunities to learn and improve.
2. Learn from criticism: Use feedback as a tool to grow and refine skills.
3. Find lessons in others' success: Instead of feeling threatened, seek to understand others' success to learn.
4. Cultivate a love for learning: Focus on the joy and interest of learning, not just the results.
5. Practice self-reflection: Regularly assess what you’ve learned and how you can improve.
6. Use ""yet"" statements: For example, ""I can't do this yet,"" fostering an understanding that abilities grow over time.",,
How can someone find their true passion in life?,"[""There's no single method to find one's true passion.  It often involves self-reflection, exploration of interests, and experimentation with different activities.  Consider trying new things, identifying enjoyable tasks, and analyzing your strengths and values.\n""]","Finding your true passion involves self-reflection and experimentation. Here are some steps to help:

1. **Explore Interests**: Try different activities and experiences to see what sparks joy or excitement.
2. **Self-Reflection**: Consider what themes emerge in situations where you feel most engaged or fulfilled.
3. **Set Goals**: Define short-term and long-term goals related to potential passions.
4. **Seek Feedback**: Talk to mentors, peers, or counselors about your interests and career aspirations.
5. **Take Risks**: Don’t be afraid to take up opportunities that seem challenging or out of your comfort zone.

Consistently engaging in self-discovery and learning can help identify your true passions.",,
How should one balance ambition and contentment?,"['Balancing ambition and contentment involves setting realistic goals aligned with personal values.  Regularly assess progress and celebrate achievements, while also practicing gratitude and mindfulness to appreciate current circumstances.  This requires self-awareness and a willingness to adjust goals as needed to maintain a healthy equilibrium.\n']",Balancing ambition and contentment involves setting clear goals while appreciating what you have. Focus on self-improvement and personal growth without neglecting to find joy in your current circumstances. Regularly reflect on both your achievements and the present moment to maintain a healthy perspective.,,
Is free will an illusion?,"['Whether free will is an illusion is a complex philosophical question with no universally agreed-upon answer.  Neuroscience, physics, and philosophy offer different perspectives, and the debate continues.\n']","The existence or non-existence of free will is a complex philosophical question that is still a topic of ongoing debate. Some argue that our actions are determined by a combination of genetics, environment, and past experiences, which could suggest that free will is an illusion. However, others argue that we do have free will because we can make choices and decisions, even if they are influenced by various factors. It's important to note that this is a subjective matter, and different people may have different beliefs and opinions on the subject.",,
What does it mean to live a meaningful life?,"['A meaningful life is subjectively defined, but generally involves pursuing values, goals, and activities that bring a sense of purpose, fulfillment, and connection to something larger than oneself.  It often includes contributing to something beyond the individual and experiencing positive emotions.\n']","Living a meaningful life often refers to experiencing a sense of purpose, fulfillment, and impact in one's existence. This can be achieved through various avenues, such as personal growth, relationships, career, and contributing to the well-being of others or the world at large. A meaningful life typically involves finding activities, connections, and causes that resonate with one's values, passions, and beliefs, ultimately creating a sense of satisfaction and significance.

Confidence: 85%",0.3157894736842105,
How can one develop a growth mindset for lifelong learning?,"['Developing a growth mindset for lifelong learning involves embracing challenges, viewing effort as a path to mastery, learning from criticism, finding inspiration in the success of others, and believing in the malleability of intelligence.  This requires actively seeking new knowledge and skills, persistently overcoming obstacles, and reflecting on learning experiences to improve future efforts.\n']","To develop a growth mindset for lifelong learning, consider the following steps:

1. Embrace challenges: View obstacles as opportunities for growth and learning, rather than as threats.

2. Persist in the face of setbacks: Understand that setbacks and failures are temporary and can be used as stepping stones to success.

3. Cultivate a love for learning: Engage in activities that promote learning and personal development.

4. View effort as necessary: Recognize that effort and hard work are essential for growth and success.

5. Seek and accept feedback: Actively seek and accept feedback from others as a means of improving and learning.

6. Learn from the successes and failures of others: Use the experiences of others as a source of learning and inspiration.

7. Emphasize the process, not the outcome: Focus on the journey of learning, rather than solely on the end result",0.875,
How can someone find their true passion in life?,"[""There's no single method to find one's true passion.  It often involves self-reflection, exploration of interests, and experimentation with different activities.  Consider trying new things, identifying enjoyable tasks, and analyzing your strengths and values.\n""]","Discovering one's true passion can be a personal journey and may not have a universal formula. However, here are some general steps that might help:

1. **Self-reflection**: Consider your interests, values, and strengths. What activities do you enjoy doing in your free time? What issues are you passionate about? What are your natural talents?

2. **Experimentation**: Try out different activities, hobbies, or jobs to explore what you like and dislike. This can help you discover new interests and passions.

3. **Education**: Learn more about areas that interest you. This could be through formal education, online courses, books, or workshops.

4. **Seek feedback**: Ask others for their perspective on your strengths and potential passions. They might see something in you that you haven't noticed.

5. **Patience**: Finding your true passion can take time. It",0.6666666666666666,
How should one balance ambition and contentment?,"['Balancing ambition and contentment involves setting realistic goals aligned with personal values.  Regularly assess progress and celebrate achievements, while also practicing gratitude and mindfulness to appreciate current circumstances.  This requires self-awareness and a willingness to adjust goals as needed to maintain a healthy equilibrium.\n']","Balancing ambition and contentment can be a delicate act. Here are some suggestions:

1. Set Clear Goals: Having clear ambitions can provide direction and motivation. Set achievable yet challenging goals to strive for.

2. Practice Gratitude: Regularly acknowledging and appreciating what you have can foster contentment. This doesn't mean you should stop striving for more, but it can help you enjoy the present moment.

3. Find a Balance: It's important to find a balance between working towards your ambitions and enjoying your current situation. Too much focus on ambition can lead to stress and dissatisfaction, while too much contentment can lead to stagnation.

4. Stay Mindful: Mindfulness can help you stay present and avoid getting too caught up in future ambitions or past regrets.

5. Seek Support: Discuss your feelings with trusted friends, family,",0.5,
